"Time","microservice-epsilon-basic","microservice-epsilon-collecting","microservice-epsilon-collecting-generation-disabled","microservice-epsilon-collecting-mitigation-applied","microservice-epsilon-noagent"
1717577985000,344.0775298245614,549.7043228070174,362.434147368421,482.17230877192975,333.65107368421053
1717578000000,344.0775298245614,549.7043228070174,362.434147368421,480.228098245614,333.65107368421053
1717578015000,325.90395789473683,550.618498245614,365.3626526315789,480.228098245614,337.08988070175434
1717578030000,325.90395789473683,550.618498245614,365.3626526315789,476.5676070175438,337.08988070175434
1717578045000,333.22098245614035,548.1524912280701,361.023045614035,476.5676070175438,336.59687017543854
1717578060000,333.22098245614035,548.1524912280701,361.023045614035,477.74022456140347,336.59687017543854
1717578075000,336.667649122807,545.9757614035087,366.91402105263154,477.74022456140347,333.5680561403509
1717578090000,336.667649122807,545.9757614035087,366.91402105263154,481.6097403508772,333.5680561403509
1717578105000,311.214498245614,545.7832982456138,367.98155789473674,481.6097403508772,336.66245614035086
1717578120000,311.214498245614,545.7832982456138,367.98155789473674,482.9534035087718,336.66245614035086
1717578135000,311.39577543859644,540.9020070175437,362.6195368421053,482.9534035087718,320.13987368421044
1717578150000,311.39577543859644,540.9020070175437,362.6195368421053,481.8148912280701,320.13987368421044
1717578165000,310.2911157894736,542.0977403508771,366.64112280701755,481.8148912280701,318.53367017543854
1717578180000,310.2911157894736,542.0977403508771,366.64112280701755,485.60317192982455,318.53367017543854
1717578195000,309.1957052631579,538.4153122807018,365.556098245614,485.60317192982455,315.34154385964905
1717578210000,309.1957052631579,538.4153122807018,365.556098245614,485.4617403508771,315.34154385964905
1717578225000,308.10910877192975,541.0646035087717,363.0225824561403,485.4617403508771,314.3074105263157
1717578240000,308.10910877192975,541.0646035087717,363.0225824561403,481.97508771929813,314.3074105263157
1717578255000,307.01438596491226,542.8941192982456,363.77651929824555,481.97508771929813,313.1679157894737
1717578270000,307.01438596491226,542.8941192982456,363.77651929824555,484.8254035087719,313.1679157894737
1717578285000,312.4956210526315,549.5537824561404,366.6471298245614,484.8254035087719,312.09121403508766
1717578300000,312.4956210526315,549.5537824561404,366.6471298245614,488.08437894736835,312.09121403508766
1717578315000,304.86159999999995,546.4120140350875,357.26297543859647,488.08437894736835,311.0279157894737
1717578330000,304.86159999999995,546.4120140350875,357.26297543859647,481.0336842105263,311.0279157894737
1717578345000,303.763298245614,552.5282385964912,365.4675929824561,481.0336842105263,309.95247719298237
1717578360000,303.763298245614,552.5282385964912,365.4675929824561,481.3479859649122,309.95247719298237
1717578375000,302.6868631578947,553.4010245614035,362.92349473684203,481.3479859649122,308.77327719298245
1717578390000,302.6868631578947,553.4010245614035,362.92349473684203,481.6609543859648,308.77327719298245
1717578405000,305.67016140350876,553.7259649122806,362.48833684210524,481.6609543859648,307.6846035087719
1717578420000,305.67016140350876,553.7259649122806,362.48833684210524,486.776547368421,307.6846035087719
1717578435000,325.55285614035085,560.571803508772,362.58218947368425,486.776547368421,314.40343859649124
1717578450000,325.55285614035085,560.571803508772,362.58218947368425,483.8047578947368,314.40343859649124
1717578465000,309.97202807017544,556.181445614035,358.3636771929824,483.8047578947368,311.6591438596491
1717578480000,309.97202807017544,556.181445614035,358.3636771929824,488.44305964912274,311.6591438596491
1717578495000,293.68630175438597,558.0405894736842,355.4307368421052,488.44305964912274,310.4925052631579
1717578510000,293.68630175438597,558.0405894736842,355.4307368421052,487.63239298245605,310.4925052631579
1717578525000,312.1815438596491,557.8424561403509,334.4487157894737,487.63239298245605,310.90256842105254
1717578540000,312.1815438596491,557.8424561403509,334.4487157894737,463.41755789473683,310.90256842105254
1717578555000,305.64505263157895,556.7451228070175,338.37418947368417,463.41755789473683,308.13017543859644
1717578570000,305.64505263157895,556.7451228070175,338.37418947368417,471.6948070175439,308.13017543859644
1717578585000,318.3188771929824,556.3600280701753,337.9530947368421,471.6948070175439,305.40188070175435
1717578600000,318.3188771929824,556.3600280701753,337.9530947368421,471.3132631578947,305.40188070175435
1717578615000,297.5432701754386,561.6321263157894,334.11421754385964,471.3132631578947,310.56714385964915
1717578630000,297.5432701754386,561.6321263157894,334.11421754385964,471.6678736842105,310.56714385964915
1717578645000,313.437094736842,558.8882385964913,335.89647719298245,471.6678736842105,309.41393684210516
1717578660000,313.437094736842,558.8882385964913,335.89647719298245,471.7135578947368,309.41393684210516
1717578675000,310.8831438596491,557.7685333333334,334.42844912280697,471.7135578947368,307.8424561403508
1717578690000,310.8831438596491,557.7685333333334,334.42844912280697,469.9660210526315,307.8424561403508
1717578705000,291.1043087719298,562.6014315789473,336.63503157894735,469.9660210526315,305.13225263157887
1717578720000,291.1043087719298,562.6014315789473,336.63503157894735,469.0273403508771,305.13225263157887
1717578735000,305.69076491228066,564.0203228070175,336.69124210526314,469.0273403508771,303.9999719298245
1717578750000,305.69076491228066,564.0203228070175,336.69124210526314,469.3976701754385,303.9999719298245
1717578765000,300.2807859649123,582.592898245614,358.4877614035087,469.3976701754385,302.3268070175439
1717578780000,300.2807859649123,582.592898245614,358.4877614035087,467.9933192982455,302.3268070175439
1717578795000,321.2070736842105,582.9944701754387,349.46075789473684,467.9933192982455,301.31333333333333
1717578810000,321.2070736842105,582.9944701754387,349.46075789473684,475.6675228070175,301.31333333333333
1717578825000,302.65403508771925,575.7851929824562,356.19337543859643,475.6675228070175,299.59703859649113
1717578840000,302.65403508771925,575.7851929824562,356.19337543859643,473.49155087719294,299.59703859649113
1717578855000,298.2385263157895,574.6090947368419,349.18522105263156,473.49155087719294,297.9808842105263
1717578870000,298.2385263157895,574.6090947368419,349.18522105263156,466.9253754385964,297.9808842105263
1717578885000,311.2500771929824,573.8481122807018,355.5826526315789,466.9253754385964,305.69825964912275
1717578900000,311.2500771929824,573.8481122807018,355.5826526315789,473.51487719298234,305.69825964912275
1717578915000,305.9119298245614,572.9927859649123,352.3183157894737,473.51487719298234,308.13795087719296
1717578930000,305.9119298245614,572.9927859649123,352.3183157894737,470.97243508771925,308.13795087719296
1717578945000,311.6619087719298,572.2327157894736,353.0789192982456,470.97243508771925,306.4803228070175
1717578960000,311.6619087719298,572.2327157894736,353.0789192982456,467.68334035087713,306.4803228070175
1717578975000,298.3233263157894,573.1802666666665,353.1512701754385,467.68334035087713,304.857347368421
1717578990000,298.3233263157894,573.1802666666665,353.1512701754385,467.16595087719287,304.857347368421
1717579005000,298.3135017543859,571.38449122807,357.0134877192982,467.16595087719287,296.5034947368421
1717579020000,298.3135017543859,571.38449122807,357.0134877192982,468.56357894736834,296.5034947368421
1717579035000,307.4369543859649,575.7505684210524,353.3587228070175,468.56357894736834,296.53487719298244
1717579050000,307.4369543859649,575.7505684210524,353.3587228070175,459.3219087719297,296.53487719298244
1717579065000,308.07364210526316,568.8276210526316,358.6262175438596,459.3219087719297,305.92684912280697
1717579080000,308.07364210526316,568.8276210526316,358.6262175438596,464.4564210526315,305.92684912280697
1717579095000,298.9622035087719,570.4895298245614,354.2296,464.4564210526315,305.92585263157895
1717579110000,298.9622035087719,570.4895298245614,354.2296,469.5219646023391,305.92585263157895
1717579125000,300.6540912280702,568.3370105263157,359.5776701754385,474.7131228070174,308.32181052631574
1717579140000,300.6540912280702,568.3370105263157,359.5776701754385,479.1188070175438,308.32181052631574
1717579155000,307.7260771929824,570.4065543859649,356.58936140350875,479.1188070175438,309.72388771929826
1717579170000,307.7260771929824,570.4065543859649,356.58936140350875,486.5509754385964,309.72388771929826
1717579185000,308.67553684210526,567.7112842105263,359.092996491228,486.5509754385964,304.51124210526314
1717579200000,308.67553684210526,567.7112842105263,359.092996491228,485.7301052631578,304.51124210526314
1717579215000,300.63528421052627,568.0221052631578,357.46023859649125,485.7301052631578,301.85608421052626
1717579230000,300.63528421052627,568.0221052631578,357.46023859649125,481.6366456140351,301.85608421052626
1717579245000,300.7056280701754,551.471242105263,356.2456280701754,481.6366456140351,299.1686175438596
1717579260000,300.7056280701754,551.471242105263,356.2456280701754,483.062596491228,299.1686175438596
1717579275000,314.3025824561403,550.087747368421,357.2167719298246,483.062596491228,308.59578947368414
1717579290000,314.3025824561403,550.087747368421,357.2167719298246,483.14065964912265,308.59578947368414
1717579305000,316.999901754386,549.4734035087718,356.8388771929824,483.14065964912265,308.7530245614035
1717579320000,316.999901754386,549.4734035087718,356.8388771929824,484.1026385964912,308.7530245614035
1717579335000,297.0314385964912,532.1688280701754,339.1175719298245,484.1026385964912,317.4316210526315
1717579350000,297.0314385964912,532.1688280701754,339.1175719298245,483.69331929824557,317.4316210526315
1717579365000,293.4221192982456,531.8792421052632,345.29584561403504,483.69331929824557,315.5017263157894
1717579380000,293.4221192982456,531.8792421052632,345.29584561403504,481.66623157894736,315.5017263157894
1717579395000,302.99362807017536,533.6986385964912,342.4948070175438,481.66623157894736,326.18096842105257
1717579410000,302.99362807017536,533.6986385964912,342.4948070175438,482.8321543859648,326.18096842105257
1717579425000,306.3447298245614,527.5258947368421,344.42781754385965,482.8321543859648,324.87185964912277
1717579440000,306.3447298245614,527.5258947368421,344.42781754385965,487.3104561403508,324.87185964912277
1717579455000,302.72397192982453,526.2369543859647,345.2034947368421,487.3104561403508,314.2304140350877
1717579470000,302.72397192982453,526.2369543859647,345.2034947368421,480.8561403508771,314.2304140350877
1717579485000,299.0732070175438,523.9693192982456,347.35303859649116,480.8561403508771,308.9024421052631
1717579500000,299.0732070175438,523.9693192982456,347.35303859649116,484.40022456140343,308.9024421052631
1717579515000,311.10978245614035,521.122596491228,347.9263157894737,484.40022456140343,318.38008421052626
1717579530000,311.10978245614035,521.122596491228,347.9263157894737,488.5862035087719,318.38008421052626
1717579545000,312.4832701754386,522.6251789473683,339.36091228070177,488.5862035087719,318.31254736842106
1717579560000,312.4832701754386,522.6251789473683,339.36091228070177,486.8471017543859,318.31254736842106
1717579575000,308.8534596491228,520.2088140350877,332.89525614035085,486.8471017543859,317.5845614035087
1717579590000,308.8534596491228,520.2088140350877,332.89525614035085,487.0425263157894,317.5845614035087
1717579605000,304.72075789473683,518.4157754385965,338.8851789473684,487.0425263157894,321.06951578947366
1717579620000,304.72075789473683,518.4157754385965,338.8851789473684,487.9573192982456,321.06951578947366
1717579635000,310.63322105263154,521.3079157894737,337.5792421052631,487.9573192982456,317.1622035087719
1717579650000,310.63322105263154,521.3079157894737,337.5792421052631,484.9859368421052,317.1622035087719
1717579665000,314.78651228070174,520.3459789473684,336.7040842105263,484.9859368421052,315.43166315789466
1717579680000,314.78651228070174,520.3459789473684,336.7040842105263,484.8972631578947,315.43166315789466
1717579695000,305.6835087719298,522.6934736842104,334.68891228070174,484.8972631578947,311.30712982456134
1717579710000,305.6835087719298,522.6934736842104,334.68891228070174,471.38085614035083,311.30712982456134
1717579725000,298.77957894736835,523.0889543859648,335.8201824561403,471.38085614035083,314.09893333333326
1717579740000,298.77957894736835,523.0889543859648,335.8201824561403,463.9878035087719,314.09893333333326
1717579755000,300.3241684210526,516.5613754385964,333.06512280701753,463.9878035087719,315.5515649122807
1717579770000,300.3241684210526,516.5613754385964,333.06512280701753,470.44176842105253,315.5515649122807
1717579785000,304.2442385964912,517.7753964912281,333.7719017543859,470.44176842105253,314.2575719298245