"Time","Coordinator database","Tempo trace storage"
1717515000000,5.274498245614034,0
1717515015000,5.274498245614034,0
1717515030000,5.0301754385964905,0
1717515045000,5.0301754385964905,0
1717515060000,4.670877192982455,0
1717515075000,4.670877192982455,0
1717515090000,4.440926315789473,0
1717515105000,4.440926315789473,0
1717515120000,4.182231578947368,103.84022456140349
1717515135000,4.182231578947368,103.84022456140349
1717515150000,3.9091649122807013,103.84022456140349
1717515165000,3.9091649122807013,103.84022456140349
1717515180000,3.621726315789473,103.84022456140349
1717515195000,3.621726315789473,103.84022456140349
1717515210000,3.3917754385964907,103.84022456140349
1717515225000,3.3917754385964907,103.84022456140349
1717515240000,3.0899649122807014,103.84022456140349
1717515255000,3.0899649122807014,103.84022456140349
1717515270000,2.960617543859649,103.84022456140349
1717515285000,2.960617543859649,103.84022456140349
1717515300000,2.6731789473684207,103.84022456140349
1717515315000,2.6731789473684207,103.84022456140349
1717515330000,2.3426245614035084,103.84022456140349
1717515345000,2.3426245614035084,103.84022456140349
1717515360000,2.1270456140350875,103.84022456140349
1717515375000,2.1270456140350875,103.84022456140349
1717515390000,1.8396070175438595,103.84022456140349
1717515405000,1.8396070175438595,103.84022456140349
1717515420000,1.494680701754386,103.84022456140349
1717515435000,1.494680701754386,103.84022456140349
1717515450000,1.3078456140350876,103.84022456140349
1717515465000,1.3078456140350876,103.84022456140349
1717515480000,1.2647298245614034,103.84022456140349
1717515495000,1.2647298245614034,103.84022456140349
1717515510000,1.3078456140350876,103.84022456140349
1717515525000,1.3078456140350876,103.84022456140349
1717515540000,1.3365894736842103,103.84022456140349
1717515555000,1.3365894736842103,103.84022456140349
1717515570000,1.6671438596491226,103.84022456140349
1717515585000,1.6671438596491226,103.84022456140349
1717515600000,1.925838596491228,103.84022456140349
1717515615000,1.925838596491228,103.84022456140349
1717515630000,2.213277192982456,103.84022456140349
1717515645000,2.213277192982456,103.84022456140349
1717515660000,2.5294596491228067,103.84022456140349
1717515675000,2.5294596491228067,103.84022456140349
1717515690000,2.788154385964912,103.84022456140349
1717515705000,2.788154385964912,103.84022456140349
1717515720000,3.046849122807017,103.84022456140349
1717515735000,3.046849122807017,0
1717515750000,3.607354385964912,0
1717515765000,3.607354385964912,0
1717515780000,3.8373052631578943,0
1717515795000,3.8373052631578943,0
1717515810000,4.095999999999999,0
1717515825000,4.095999999999999,0
1717515840000,4.167859649122806,0
1717515855000,4.167859649122806,0
1717515870000,4.397810526315789,0
1717515885000,4.397810526315789,0
1717515900000,4.656505263157895,0
1717515915000,4.656505263157895,0
1717515930000,4.886456140350877,0
1717515945000,4.886456140350877,0
1717515960000,5.145150877192982,0
1717515975000,5.145150877192982,0
1717515990000,5.475705263157894,0
1717516005000,5.475705263157894,0
1717516020000,5.533192982456139,0
1717516035000,5.533192982456139,0
1717516050000,5.504449122807017,0
1717516065000,5.504449122807017,34.87070877192982
1717516080000,5.43258947368421,34.87070877192982
1717516095000,5.43258947368421,34.87070877192982
1717516110000,5.446961403508771,34.87070877192982
1717516125000,5.446961403508771,34.87070877192982
1717516140000,5.389473684210526,34.87070877192982
1717516155000,5.389473684210526,34.87070877192982
1717516170000,5.748771929824561,34.87070877192982
1717516185000,5.748771929824561,34.87070877192982
1717516200000,5.691284210526315,34.87070877192982
1717516215000,5.691284210526315,34.87070877192982
1717516230000,5.605052631578946,34.87070877192982
1717516245000,5.605052631578946,34.87070877192982
1717516260000,5.576308771929824,34.87070877192982
1717516275000,5.576308771929824,34.87070877192982
1717516290000,5.547564912280701,34.87070877192982
1717516305000,5.547564912280701,34.87070877192982
1717516320000,5.217010526315789,34.87070877192982
1717516335000,5.217010526315789,34.87070877192982
1717516350000,5.202638596491228,34.87070877192982
1717516365000,5.202638596491228,34.87070877192982
1717516380000,5.188266666666666,34.87070877192982
1717516395000,5.188266666666666,34.87070877192982
1717516410000,5.188266666666666,34.87070877192982
1717516425000,5.188266666666666,34.87070877192982
1717516440000,5.217010526315789,34.87070877192982
1717516455000,5.217010526315789,34.87070877192982
1717516470000,5.288870175438595,34.87070877192982
1717516485000,5.288870175438595,34.87070877192982
1717516500000,5.360729824561403,34.87070877192982
1717516515000,5.360729824561403,34.87070877192982
1717516530000,5.403845614035087,34.87070877192982
1717516545000,5.403845614035087,34.87070877192982
1717516560000,5.360729824561403,34.87070877192982
1717516575000,5.360729824561403,34.87070877192982
1717516590000,5.461333333333333,34.87070877192982
1717516605000,5.461333333333333,34.87070877192982
1717516620000,5.576308771929824,34.87070877192982
1717516635000,5.576308771929824,34.87070877192982
1717516650000,5.590680701754385,34.87070877192982
1717516665000,5.590680701754385,34.87070877192982
1717516680000,5.590680701754385,0
1717516695000,5.590680701754385,0
1717516710000,5.676912280701754,0
1717516725000,5.676912280701754,0
1717516740000,5.33198596491228,0
1717516755000,5.33198596491228,0
1717516770000,5.446961403508771,0
1717516785000,5.446961403508771,0
1717516800000,5.23138245614035,0
1717516815000,5.23138245614035,0
1717516830000,5.001431578947368,0
1717516845000,5.001431578947368,0
1717516860000,4.728364912280701,0
1717516875000,4.728364912280701,0
1717516890000,4.498414035087719,0
1717516905000,4.498414035087719,0
1717516920000,4.268463157894736,0
1717516935000,4.268463157894736,0
1717516950000,4.038512280701754,0
1717516965000,4.038512280701754,0
1717516980000,3.7798175438596484,0
1717516995000,3.7798175438596484,0
1717517010000,3.5211228070175435,0
1717517025000,3.5211228070175435,0
1717517040000,3.2049403508771923,0
1717517055000,3.2049403508771923,134.173449122807
1717517070000,3.032477192982456,134.173449122807
1717517085000,3.032477192982456,134.173449122807
1717517100000,2.788154385964912,134.173449122807
1717517115000,2.788154385964912,134.173449122807
1717517130000,2.500715789473684,134.173449122807
1717517145000,2.500715789473684,134.173449122807
1717517160000,2.213277192982456,134.173449122807
1717517175000,2.213277192982456,134.173449122807
1717517190000,1.8683508771929824,134.173449122807
1717517205000,1.8683508771929824,134.173449122807
1717517220000,1.5952842105263154,134.173449122807
1717517235000,1.5952842105263154,134.173449122807
1717517250000,1.394077192982456,134.173449122807
1717517265000,1.394077192982456,134.173449122807
1717517280000,1.3078456140350876,134.173449122807
1717517295000,1.3078456140350876,134.173449122807
1717517310000,1.3365894736842103,134.173449122807
1717517325000,1.3365894736842103,134.173449122807
1717517340000,1.2647298245614034,134.173449122807
1717517355000,1.2647298245614034,134.173449122807
1717517370000,1.566540350877193,134.173449122807
1717517385000,1.566540350877193,134.173449122807
1717517400000,1.8827228070175435,134.173449122807
1717517415000,1.8827228070175435,134.173449122807
1717517430000,2.141417543859649,134.173449122807
1717517445000,2.141417543859649,134.173449122807
1717517460000,2.4001122807017543,134.173449122807
1717517475000,2.4001122807017543,134.173449122807
1717517490000,2.658807017543859,134.173449122807
1717517505000,2.658807017543859,134.173449122807
1717517520000,2.9462456140350874,134.173449122807
1717517535000,2.9462456140350874,134.173449122807
1717517550000,3.2480561403508768,134.173449122807
1717517565000,3.2480561403508768,134.173449122807
1717517580000,3.5498666666666665,134.173449122807
1717517595000,3.5498666666666665,134.173449122807
1717517610000,3.7798175438596484,134.173449122807
1717517625000,3.7798175438596484,134.173449122807
1717517640000,3.9522807017543857,134.173449122807
1717517655000,3.9522807017543857,134.173449122807
1717517670000,4.210975438596491,0
1717517685000,4.210975438596491,0
1717517700000,4.555901754385965,0
1717517715000,4.555901754385965,0
1717517730000,4.857712280701754,0
1717517745000,4.857712280701754,0
1717517760000,5.145150877192982,0
1717517775000,5.145150877192982,0
1717517790000,5.418217543859648,0
1717517805000,5.418217543859648,0
1717517820000,5.676912280701754,0
1717517835000,5.676912280701754,0
1717517850000,5.993094736842105,0
1717517865000,5.993094736842105,0
1717517880000,5.978722807017544,0
1717517895000,5.978722807017544,0
1717517910000,5.964350877192982,0
1717517925000,5.964350877192982,0
1717517940000,5.906863157894736,0
1717517955000,5.906863157894736,0
1717517970000,5.863747368421052,0
1717517985000,5.863747368421052,0
1717518000000,5.835003508771929,125.65845263157894
1717518015000,5.835003508771929,125.65845263157894
1717518030000,5.806259649122806,125.65845263157894
1717518045000,5.806259649122806,125.65845263157894
1717518060000,5.791887719298246,125.65845263157894
1717518075000,5.791887719298246,125.65845263157894
1717518090000,5.763143859649123,125.65845263157894
1717518105000,5.763143859649123,125.65845263157894
1717518120000,5.748771929824561,125.65845263157894
1717518135000,5.748771929824561,125.65845263157894
1717518150000,5.7344,125.65845263157894
1717518165000,5.7344,125.65845263157894
1717518180000,5.763143859649123,125.65845263157894
1717518195000,5.763143859649123,125.65845263157894
1717518210000,5.748771929824561,125.65845263157894
1717518225000,5.748771929824561,125.65845263157894
1717518240000,5.705656140350877,125.65845263157894
1717518255000,5.705656140350877,125.65845263157894
1717518270000,5.633796491228069,125.65845263157894
1717518285000,5.633796491228069,125.65845263157894
1717518300000,5.633796491228069,125.65845263157894
1717518315000,5.633796491228069,125.65845263157894
1717518330000,5.906863157894736,125.65845263157894
1717518345000,5.906863157894736,125.65845263157894
1717518360000,5.892491228070175,125.65845263157894
1717518375000,5.892491228070175,125.65845263157894
1717518390000,5.835003508771929,125.65845263157894
1717518405000,5.835003508771929,125.65845263157894
1717518420000,5.490077192982456,125.65845263157894
1717518435000,5.490077192982456,125.65845263157894
1717518450000,5.43258947368421,125.65845263157894
1717518465000,5.43258947368421,125.65845263157894
1717518480000,5.490077192982456,125.65845263157894
1717518495000,5.490077192982456,125.65845263157894
1717518510000,5.490077192982456,125.65845263157894
1717518525000,5.490077192982456,125.65845263157894
1717518540000,5.490077192982456,125.65845263157894
1717518555000,5.490077192982456,125.65845263157894
1717518570000,5.561936842105262,125.65845263157894
1717518585000,5.561936842105262,125.65845263157894
1717518600000,5.33198596491228,125.65845263157894
1717518615000,5.33198596491228,0
1717518630000,5.0732912280701745,0
1717518645000,5.0732912280701745,0
1717518660000,4.828968421052631,0
1717518675000,4.828968421052631,0
1717518690000,4.613389473684211,0
1717518705000,4.613389473684211,0
1717518720000,4.397810526315789,0
1717518735000,4.397810526315789,0
1717518750000,4.139115789473683,0
1717518765000,4.139115789473683,0
1717518780000,3.8660491228070173,0
1717518795000,3.8660491228070173,0
1717518810000,3.5929824561403505,0
1717518825000,3.5929824561403505,0
1717518840000,3.334287719298245,0
1717518855000,3.334287719298245,0
1717518870000,3.2049403508771923,0
1717518885000,3.2049403508771923,0
1717518900000,2.6444350877192977,0
1717518915000,2.6444350877192977,0
1717518930000,2.385740350877193,0
1717518945000,2.385740350877193,177.97384385964912
1717518960000,2.141417543859649,177.97384385964912
1717518975000,2.141417543859649,177.97384385964912
1717518990000,1.8683508771929824,177.97384385964912
1717519005000,1.8683508771929824,177.97384385964912
1717519020000,1.6383999999999999,177.97384385964912
1717519035000,1.6383999999999999,177.97384385964912
1717519050000,1.3653333333333333,177.97384385964912
1717519065000,1.3653333333333333,177.97384385964912
1717519080000,1.394077192982456,177.97384385964912
1717519095000,1.394077192982456,177.97384385964912
1717519110000,1.4228210526315788,177.97384385964912
1717519125000,1.4228210526315788,177.97384385964912
1717519140000,1.4371929824561402,177.97384385964912
1717519155000,1.4371929824561402,177.97384385964912
1717519170000,1.6958877192982453,177.97384385964912
1717519185000,1.6958877192982453,177.97384385964912
1717519200000,2.0264421052631576,177.97384385964912
1717519215000,2.0264421052631576,177.97384385964912
1717519230000,2.25639298245614,177.97384385964912
1717519245000,2.25639298245614,177.97384385964912
1717519260000,2.4432280701754383,177.97384385964912
1717519275000,2.4432280701754383,177.97384385964912
1717519290000,2.745038596491228,177.97384385964912
1717519305000,2.745038596491228,177.97384385964912
1717519320000,3.003733333333333,177.97384385964912
1717519335000,3.003733333333333,177.97384385964912
1717519350000,3.3486596491228067,177.97384385964912
1717519365000,3.3486596491228067,177.97384385964912
1717519380000,3.6648421052631575,177.97384385964912
1717519395000,3.6648421052631575,177.97384385964912
1717519410000,3.9522807017543857,177.97384385964912
1717519425000,3.9522807017543857,177.97384385964912
1717519440000,4.383438596491228,177.97384385964912
1717519455000,4.383438596491228,177.97384385964912
1717519470000,4.699621052631578,177.97384385964912
1717519485000,4.699621052631578,177.97384385964912
1717519500000,4.972687719298245,177.97384385964912
1717519515000,4.972687719298245,177.97384385964912
1717519530000,5.245754385964911,177.97384385964912
1717519545000,5.245754385964911,177.97384385964912
1717519560000,5.533192982456139,0
1717519575000,5.533192982456139,0
1717519590000,5.763143859649123,0
1717519605000,5.763143859649123,0
1717519620000,5.949978947368421,0
1717519635000,5.949978947368421,0
1717519650000,5.949978947368421,0
1717519665000,5.949978947368421,0
1717519680000,5.863747368421052,0
1717519695000,5.863747368421052,0
1717519710000,5.806259649122806,0
1717519725000,5.806259649122806,0
1717519740000,5.763143859649123,0
1717519755000,5.763143859649123,0
1717519770000,5.806259649122806,0
1717519785000,5.806259649122806,0
1717519800000,5.791887719298246,0